<?xml version="1.0" encoding="UTF-8"?>
<!DOCTYPE suite SYSTEM "https://testng.org/testng-1.0.dtd">
<suite name="AlertMessage" verbose="5">
  <test thread-count="5" name="Test">
    
    <classes>
      <class name="com.qa.test.SeleniumWaitsClass">
      	
      
      	<methods>
          <include name="JavaScriptAlertTC"/>
          
        
        </methods>
    
     </class>
        
    </classes>
    
    
    
    
  </test> <!-- Test -->
</suite> <!-- AlertMessage -->
